x-axis,1,2
second,Volt,Volt
-4.4160E-03,+2.4377826E+00,+2.4288002E+00
-4.4060E-03,+2.4305590E+00,+2.4247173E+00
-4.3960E-03,+2.4305590E+00,+2.4244032E+00
-4.3860E-03,+2.4380967E+00,+2.4237751E+00
-4.3760E-03,+2.4305590E+00,+2.4275439E+00
-4.3660E-03,+2.4299308E+00,+2.4288002E+00
-4.3560E-03,+2.4233354E+00,+2.4237751E+00
-4.3460E-03,+2.4289886E+00,+2.4237751E+00
-4.3360E-03,+2.4305590E+00,+2.4335113E+00
-4.3260E-03,+2.4186243E+00,+2.4288002E+00
-4.3160E-03,+2.4205087E+00,+2.4288002E+00
-4.3060E-03,+2.4255339E+00,+2.4237751E+00
-4.2960E-03,+2.4255339E+00,+2.4288002E+00
-4.2860E-03,+2.4186243E+00,+2.4319409E+00
-4.2760E-03,+2.4205087E+00,+2.4288002E+00
-4.2660E-03,+2.4305590E+00,+2.4237751E+00
-4.2560E-03,+2.4283605E+00,+2.4256595E+00
-4.2460E-03,+2.4205087E+00,+2.4288002E+00
-4.2360E-03,+2.4205087E+00,+2.4237751E+00
-4.2260E-03,+2.4274183E+00,+2.4206344E+00
-4.2160E-03,+2.4208228E+00,+2.4240892E+00
-4.2060E-03,+2.4154836E+00,+2.4237751E+00
-4.1960E-03,+2.4151695E+00,+2.4237751E+00
-4.1860E-03,+2.4205087E+00,+2.4178078E+00
-4.1760E-03,+2.4255339E+00,+2.4193781E+00
-4.1660E-03,+2.4154836E+00,+2.4187500E+00
-4.1560E-03,+2.4154836E+00,+2.4137248E+00
-4.1460E-03,+2.4205087E+00,+2.4127826E+00
-4.1360E-03,+2.4255339E+00,+2.4108982E+00
-4.1260E-03,+2.4164258E+00,+2.4124686E+00
-4.1160E-03,+2.4157977E+00,+2.4086997E+00
-4.1060E-03,+2.4255339E+00,+2.4036746E+00
-4.0960E-03,+2.4255339E+00,+2.4071294E+00
-4.0860E-03,+2.4154836E+00,+2.4086997E+00
-4.0760E-03,+2.4154836E+00,+2.4052449E+00
-4.0660E-03,+2.4205087E+00,+2.4036746E+00
-4.0560E-03,+2.4255339E+00,+2.4083856E+00
-4.0460E-03,+2.4154836E+00,+2.4052449E+00
-4.0360E-03,+2.4154836E+00,+2.4068153E+00
-4.0260E-03,+2.4205087E+00,+2.4036746E+00
-4.0160E-03,+2.4205087E+00,+2.4086997E+00
-4.0060E-03,+2.4104585E+00,+2.4086997E+00
-3.9960E-03,+2.4154836E+00,+2.4030465E+00
-3.9860E-03,+2.4205087E+00,+2.4024183E+00
-3.9760E-03,+2.4205087E+00,+2.3986495E+00
-3.9660E-03,+2.4154836E+00,+2.3989635E+00
-3.9560E-03,+2.4154836E+00,+2.3986495E+00
-3.9460E-03,+2.4205087E+00,+2.3958228E+00
-3.9360E-03,+2.4154836E+00,+2.3986495E+00
-3.9260E-03,+2.4104585E+00,+2.3986495E+00
-3.9160E-03,+2.4104585E+00,+2.3936243E+00
-3.9060E-03,+2.4164258E+00,+2.3936243E+00
-3.8960E-03,+2.4104585E+00,+2.3992776E+00
-3.8860E-03,+2.4104585E+00,+2.4011620E+00
-3.8760E-03,+2.4104585E+00,+2.3986495E+00
-3.8660E-03,+2.4154836E+00,+2.3986495E+00
-3.8560E-03,+2.4123429E+00,+2.4036746E+00
-3.8460E-03,+2.4054334E+00,+2.3999057E+00
-3.8360E-03,+2.4054334E+00,+2.3986495E+00
-3.8260E-03,+2.4120288E+00,+2.3986495E+00
-3.8160E-03,+2.4117148E+00,+2.3986495E+00
-3.8060E-03,+2.4054334E+00,+2.3986495E+00
-3.7960E-03,+2.4054334E+00,+2.3986495E+00
-3.7860E-03,+2.4070037E+00,+2.3951947E+00
-3.7760E-03,+2.4101444E+00,+2.4036746E+00
-3.7660E-03,+2.4004082E+00,+2.4036746E+00
-3.7560E-03,+2.4004082E+00,+2.4036746E+00
-3.7460E-03,+2.4098303E+00,+2.4036746E+00
-3.7360E-03,+2.4063756E+00,+2.4036746E+00
-3.7260E-03,+2.4022926E+00,+2.4036746E+00
-3.7160E-03,+2.4004082E+00,+2.3986495E+00
-3.7060E-03,+2.4092022E+00,+2.3986495E+00
-3.6960E-03,+2.4079459E+00,+2.3986495E+00
-3.6860E-03,+2.4004082E+00,+2.3986495E+00
-3.6760E-03,+2.3953831E+00,+2.3936243E+00
-3.6660E-03,+2.4004082E+00,+2.3961369E+00
-3.6560E-03,+2.4004082E+00,+2.3973932E+00
-3.6460E-03,+2.3953831E+00,+2.3986495E+00
-3.6360E-03,+2.3928705E+00,+2.3986495E+00
-3.6260E-03,+2.4004082E+00,+2.3945666E+00
-3.6160E-03,+2.4004082E+00,+2.3986495E+00
-3.6060E-03,+2.3944409E+00,+2.3986495E+00
-3.5960E-03,+2.3953831E+00,+2.3986495E+00
-3.5860E-03,+2.4051193E+00,+2.3936243E+00
-3.5760E-03,+2.4085741E+00,+2.3986495E+00
-3.5660E-03,+2.4004082E+00,+2.3948806E+00
-3.5560E-03,+2.4004082E+00,+2.3936243E+00
-3.5460E-03,+2.4085741E+00,+2.3885992E+00
-3.5360E-03,+2.4104585E+00,+2.3986495E+00
-3.5260E-03,+2.4004082E+00,+2.3986495E+00
-3.5160E-03,+2.3988379E+00,+2.3986495E+00
-3.5060E-03,+2.4082600E+00,+2.3986495E+00
-3.4960E-03,+2.4007223E+00,+2.3986495E+00
-3.4860E-03,+2.3963253E+00,+2.4074434E+00
-3.4760E-03,+2.3972675E+00,+2.4005339E+00
-3.4660E-03,+2.4057474E+00,+2.4030465E+00
-3.4560E-03,+2.4054334E+00,+2.4036746E+00
-3.4460E-03,+2.3978957E+00,+2.4058731E+00
-3.4360E-03,+2.4004082E+00,+2.3992776E+00
-3.4260E-03,+2.4054334E+00,+2.3986495E+00
-3.4160E-03,+2.4076318E+00,+2.4011620E+00
-3.4060E-03,+2.4004082E+00,+2.4036746E+00
-3.3960E-03,+2.4044911E+00,+2.3942525E+00
-3.3860E-03,+2.4104585E+00,+2.3958228E+00
-3.3760E-03,+2.4054334E+00,+2.3986495E+00
-3.3660E-03,+2.3956972E+00,+2.3939384E+00
-3.3560E-03,+2.3972675E+00,+2.3885992E+00
-3.3460E-03,+2.4038630E+00,+2.3870289E+00
-3.3360E-03,+2.4004082E+00,+2.3936243E+00
-3.3260E-03,+2.3969535E+00,+2.3936243E+00
-3.3160E-03,+2.3953831E+00,+2.3885992E+00
-3.3060E-03,+2.4051193E+00,+2.3885992E+00
-3.2960E-03,+2.4054334E+00,+2.3901696E+00
-3.2860E-03,+2.3985238E+00,+2.3951947E+00
-3.2760E-03,+2.3953831E+00,+2.3885992E+00
-3.2660E-03,+2.4073178E+00,+2.3885992E+00
-3.2560E-03,+2.4054334E+00,+2.3936243E+00
-3.2460E-03,+2.3997801E+00,+2.3936243E+00
-3.2360E-03,+2.3991519E+00,+2.3895414E+00
-3.2260E-03,+2.4054334E+00,+2.3885992E+00
-3.2160E-03,+2.4048052E+00,+2.3929962E+00
-3.2060E-03,+2.3953831E+00,+2.3904836E+00
-3.1960E-03,+2.3953831E+00,+2.3835741E+00
-3.1860E-03,+2.3994660E+00,+2.3826319E+00
-3.1760E-03,+2.4010364E+00,+2.3835741E+00
-3.1660E-03,+2.3953831E+00,+2.3860867E+00
-3.1560E-03,+2.3953831E+00,+2.3835741E+00
-3.1460E-03,+2.4054334E+00,+2.3835741E+00
-3.1360E-03,+2.4026067E+00,+2.3889133E+00
-3.1260E-03,+2.3991519E+00,+2.3936243E+00
-3.1160E-03,+2.4054334E+00,+2.3929962E+00
-3.1060E-03,+2.4104585E+00,+2.3936243E+00
-3.0960E-03,+2.4139133E+00,+2.3936243E+00
-3.0860E-03,+2.4004082E+00,+2.3986495E+00
-3.0760E-03,+2.4054334E+00,+2.3951947E+00
-3.0660E-03,+2.4088881E+00,+2.3885992E+00
-3.0560E-03,+2.4004082E+00,+2.3936243E+00
-3.0460E-03,+2.3953831E+00,+2.3885992E+00
-3.0360E-03,+2.3953831E+00,+2.3867148E+00
-3.0260E-03,+2.4000942E+00,+2.3835741E+00
-3.0160E-03,+2.3953831E+00,+2.3885992E+00
-3.0060E-03,+2.3853329E+00,+2.3804334E+00
-2.9960E-03,+2.3856469E+00,+2.3785490E+00
-2.9860E-03,+2.3978957E+00,+2.3772927E+00
-2.9760E-03,+2.3953831E+00,+2.3785490E+00
-2.9660E-03,+2.3903580E+00,+2.3785490E+00
-2.9560E-03,+2.3903580E+00,+2.3785490E+00
-2.9460E-03,+2.4004082E+00,+2.3757223E+00
-2.9360E-03,+2.3960112E+00,+2.3842022E+00
-2.9260E-03,+2.3909861E+00,+2.3885992E+00
-2.9160E-03,+2.3928705E+00,+2.3911118E+00
-2.9060E-03,+2.4004082E+00,+2.3936243E+00
-2.8960E-03,+2.4004082E+00,+2.3936243E+00
-2.8860E-03,+2.3903580E+00,+2.3986495E+00
-2.8760E-03,+2.3913002E+00,+2.3936243E+00
-2.8660E-03,+2.4048052E+00,+2.3936243E+00
-2.8560E-03,+2.3972675E+00,+2.3964510E+00
-2.8460E-03,+2.3903580E+00,+2.3936243E+00
-2.8360E-03,+2.3950690E+00,+2.3885992E+00
-2.8260E-03,+2.3953831E+00,+2.3885992E+00
-2.8160E-03,+2.3903580E+00,+2.3848304E+00
-2.8060E-03,+2.3853329E+00,+2.3885992E+00
-2.7960E-03,+2.3853329E+00,+2.3835741E+00
-2.7860E-03,+2.3903580E+00,+2.3835741E+00
-2.7760E-03,+2.3903580E+00,+2.3835741E+00
-2.7660E-03,+2.3865891E+00,+2.3936243E+00
-2.7560E-03,+2.3903580E+00,+2.3936243E+00
-2.7460E-03,+2.3947550E+00,+2.3980213E+00
-2.7360E-03,+2.3991519E+00,+2.3945666E+00
-2.7260E-03,+2.3903580E+00,+2.3986495E+00
-2.7160E-03,+2.3947550E+00,+2.3939384E+00
-2.7060E-03,+2.4041771E+00,+2.3936243E+00
-2.6960E-03,+2.3978957E+00,+2.3958228E+00
-2.6860E-03,+2.3953831E+00,+2.3986495E+00
-2.6760E-03,+2.3909861E+00,+2.3936243E+00
-2.6660E-03,+2.3975816E+00,+2.3885992E+00
-2.6560E-03,+2.3991519E+00,+2.3885992E+00
-2.6460E-03,+2.3944409E+00,+2.3892274E+00
-2.6360E-03,+2.3953831E+00,+2.3885992E+00
-2.6260E-03,+2.3953831E+00,+2.3835741E+00
-2.6160E-03,+2.3953831E+00,+2.3885992E+00
-2.6060E-03,+2.3903580E+00,+2.3936243E+00
-2.5960E-03,+2.3903580E+00,+2.3885992E+00
-2.5860E-03,+2.3953831E+00,+2.3885992E+00
-2.5760E-03,+2.3903580E+00,+2.3936243E+00
-2.5660E-03,+2.3865891E+00,+2.3920540E+00
-2.5560E-03,+2.3900439E+00,+2.3885992E+00
-2.5460E-03,+2.3953831E+00,+2.3851444E+00
-2.5360E-03,+2.3953831E+00,+2.3885992E+00
-2.5260E-03,+2.3900439E+00,+2.3885992E+00
-2.5160E-03,+2.3903580E+00,+2.3885992E+00
-2.5060E-03,+2.3953831E+00,+2.3835741E+00
-2.4960E-03,+2.4004082E+00,+2.3885992E+00
-2.4860E-03,+2.3903580E+00,+2.3845163E+00
-2.4760E-03,+2.3903580E+00,+2.3864007E+00
-2.4660E-03,+2.3906720E+00,+2.3885992E+00
-2.4560E-03,+2.3953831E+00,+2.3885992E+00
-2.4460E-03,+2.3903580E+00,+2.3885992E+00
-2.4360E-03,+2.3859610E+00,+2.3885992E+00
-2.4260E-03,+2.3960112E+00,+2.3842022E+00
-2.4160E-03,+2.3978957E+00,+2.3885992E+00
-2.4060E-03,+2.3913002E+00,+2.3885992E+00
-2.3960E-03,+2.3953831E+00,+2.3885992E+00
-2.3860E-03,+2.4029208E+00,+2.3857726E+00
-2.3760E-03,+2.3991519E+00,+2.3835741E+00
-2.3660E-03,+2.3947550E+00,+2.3885992E+00
-2.3560E-03,+2.3953831E+00,+2.3835741E+00
-2.3460E-03,+2.4004082E+00,+2.3820037E+00
-2.3360E-03,+2.3956972E+00,+2.3882851E+00
-2.3260E-03,+2.3853329E+00,+2.3835741E+00
-2.3160E-03,+2.3887876E+00,+2.3820037E+00
-2.3060E-03,+2.3903580E+00,+2.3785490E+00
-2.2960E-03,+2.3903580E+00,+2.3851444E+00
-2.2860E-03,+2.3853329E+00,+2.3835741E+00
-2.2760E-03,+2.3853329E+00,+2.3735238E+00
-2.2660E-03,+2.3938128E+00,+2.3735238E+00
-2.2560E-03,+2.3903580E+00,+2.3804334E+00
-2.2460E-03,+2.3853329E+00,+2.3829459E+00
-2.2360E-03,+2.3853329E+00,+2.3823178E+00
-2.2260E-03,+2.3922424E+00,+2.3763505E+00
-2.2160E-03,+2.3953831E+00,+2.3829459E+00
-2.2060E-03,+2.3903580E+00,+2.3835741E+00
-2.1960E-03,+2.3903580E+00,+2.3785490E+00
-2.1860E-03,+2.3994660E+00,+2.3785490E+00
-2.1760E-03,+2.3953831E+00,+2.3842022E+00
-2.1660E-03,+2.3903580E+00,+2.3835741E+00
-2.1560E-03,+2.3862751E+00,+2.3823178E+00
-2.1460E-03,+2.3944409E+00,+2.3791771E+00
-2.1360E-03,+2.3925565E+00,+2.3810615E+00
-2.1260E-03,+2.3853329E+00,+2.3835741E+00
-2.1160E-03,+2.3847047E+00,+2.3829459E+00
-2.1060E-03,+2.3903580E+00,+2.3735238E+00
-2.0960E-03,+2.3887876E+00,+2.3747801E+00
-2.0860E-03,+2.3853329E+00,+2.3785490E+00
-2.0760E-03,+2.3834484E+00,+2.3750942E+00
-2.0660E-03,+2.3903580E+00,+2.3697550E+00
-2.0560E-03,+2.3953831E+00,+2.3785490E+00
-2.0460E-03,+2.3869032E+00,+2.3801193E+00
-2.0360E-03,+2.3903580E+00,+2.3716394E+00
-2.0260E-03,+2.3903580E+00,+2.3735238E+00
-2.0160E-03,+2.3916143E+00,+2.3735238E+00
-2.0060E-03,+2.3831344E+00,+2.3763505E+00
-1.9960E-03,+2.3853329E+00,+2.3735238E+00
-1.9860E-03,+2.3903580E+00,+2.3722676E+00
-1.9760E-03,+2.3881595E+00,+2.3735238E+00
-1.9660E-03,+2.3752826E+00,+2.3785490E+00
-1.9560E-03,+2.3752826E+00,+2.3744661E+00
-1.9460E-03,+2.3803077E+00,+2.3710113E+00
-1.9360E-03,+2.3803077E+00,+2.3785490E+00
-1.9260E-03,+2.3752826E+00,+2.3785490E+00
-1.9160E-03,+2.3777952E+00,+2.3785490E+00
-1.9060E-03,+2.3812499E+00,+2.3735238E+00
-1.8960E-03,+2.3853329E+00,+2.3776068E+00
-1.8860E-03,+2.3774811E+00,+2.3735238E+00
-1.8760E-03,+2.3790514E+00,+2.3694409E+00
-1.8660E-03,+2.3847047E+00,+2.3678706E+00
-1.8560E-03,+2.3853329E+00,+2.3684987E+00
-1.8460E-03,+2.3803077E+00,+2.3735238E+00
-1.8360E-03,+2.3799937E+00,+2.3684987E+00
-1.8260E-03,+2.3869032E+00,+2.3666143E+00
-1.8160E-03,+2.3903580E+00,+2.3697550E+00
-1.8060E-03,+2.3803077E+00,+2.3735238E+00
-1.7960E-03,+2.3803077E+00,+2.3716394E+00
-1.7860E-03,+2.3853329E+00,+2.3700691E+00
-1.7760E-03,+2.3803077E+00,+2.3735238E+00
-1.7660E-03,+2.3765389E+00,+2.3769786E+00
-1.7560E-03,+2.3771670E+00,+2.3684987E+00
-1.7460E-03,+2.3803077E+00,+2.3684987E+00
-1.7360E-03,+2.3790514E+00,+2.3722676E+00
-1.7260E-03,+2.3702575E+00,+2.3735238E+00
-1.7160E-03,+2.3702575E+00,+2.3684987E+00
-1.7060E-03,+2.3752826E+00,+2.3644158E+00
-1.6960E-03,+2.3752826E+00,+2.3706972E+00
-1.6860E-03,+2.3743404E+00,+2.3785490E+00
-1.6760E-03,+2.3743404E+00,+2.3735238E+00
-1.6660E-03,+2.3853329E+00,+2.3735238E+00
-1.6560E-03,+2.3853329E+00,+2.3785490E+00
-1.6460E-03,+2.3803077E+00,+2.3785490E+00
-1.6360E-03,+2.3853329E+00,+2.3735238E+00
-1.6260E-03,+2.3903580E+00,+2.3735238E+00
-1.6160E-03,+2.3906720E+00,+2.3785490E+00
-1.6060E-03,+2.3803077E+00,+2.3785490E+00
-1.5960E-03,+2.3803077E+00,+2.3785490E+00
-1.5860E-03,+2.3803077E+00,+2.3735238E+00
-1.5760E-03,+2.3818781E+00,+2.3735238E+00
-1.5660E-03,+2.3737122E+00,+2.3785490E+00
-1.5560E-03,+2.3752826E+00,+2.3735238E+00
-1.5460E-03,+2.3784233E+00,+2.3735238E+00
-1.5360E-03,+2.3784233E+00,+2.3785490E+00
-1.5260E-03,+2.3702575E+00,+2.3835741E+00
-1.5160E-03,+2.3752826E+00,+2.3785490E+00
-1.5060E-03,+2.3853329E+00,+2.3835741E+00
-1.4960E-03,+2.3853329E+00,+2.3835741E+00
-1.4860E-03,+2.3803077E+00,+2.3835741E+00
-1.4760E-03,+2.3803077E+00,+2.3804334E+00
-1.4660E-03,+2.3806218E+00,+2.3779208E+00
-1.4560E-03,+2.3853329E+00,+2.3823178E+00
-1.4460E-03,+2.3853329E+00,+2.3835741E+00
-1.4360E-03,+2.3803077E+00,+2.3776068E+00
-1.4260E-03,+2.3894158E+00,+2.3785490E+00
-1.4160E-03,+2.3853329E+00,+2.3810615E+00
-1.4060E-03,+2.3803077E+00,+2.3873429E+00
-1.3960E-03,+2.3803077E+00,+2.3842022E+00
-1.3860E-03,+2.3875313E+00,+2.3835741E+00
-1.3760E-03,+2.3903580E+00,+2.3845163E+00
-1.3660E-03,+2.3806218E+00,+2.3986495E+00
-1.3560E-03,+2.3853329E+00,+2.3904836E+00
-1.3460E-03,+2.3953831E+00,+2.3885992E+00
-1.3360E-03,+2.3950690E+00,+2.3885992E+00
-1.3260E-03,+2.3903580E+00,+2.3951947E+00
-1.3160E-03,+2.3853329E+00,+2.3898555E+00
-1.3060E-03,+2.3903580E+00,+2.3936243E+00
-1.2960E-03,+2.3919283E+00,+2.3986495E+00
-1.2860E-03,+2.3869032E+00,+2.3986495E+00
-1.2760E-03,+2.3903580E+00,+2.3936243E+00
-1.2660E-03,+2.3953831E+00,+2.3970791E+00
-1.2560E-03,+2.3903580E+00,+2.3986495E+00
-1.2460E-03,+2.3853329E+00,+2.3986495E+00
-1.2360E-03,+2.3891017E+00,+2.3973932E+00
-1.2260E-03,+2.3972675E+00,+2.3936243E+00
-1.2160E-03,+2.3997801E+00,+2.3980213E+00
-1.2060E-03,+2.3903580E+00,+2.3986495E+00
-1.1960E-03,+2.3925565E+00,+2.3936243E+00
-1.1860E-03,+2.3953831E+00,+2.3936243E+00
-1.1760E-03,+2.3944409E+00,+2.3986495E+00
-1.1660E-03,+2.3853329E+00,+2.4011620E+00
-1.1560E-03,+2.3862751E+00,+2.3973932E+00
-1.1460E-03,+2.3903580E+00,+2.3986495E+00
-1.1360E-03,+2.3903580E+00,+2.4011620E+00
-1.1260E-03,+2.3853329E+00,+2.4036746E+00
-1.1160E-03,+2.3897298E+00,+2.3986495E+00
-1.1060E-03,+2.3922424E+00,+2.3964510E+00
-1.0960E-03,+2.3953831E+00,+2.3986495E+00
-1.0860E-03,+2.3903580E+00,+2.3986495E+00
-1.0760E-03,+2.3985238E+00,+2.3986495E+00
-1.0660E-03,+2.3966394E+00,+2.3970791E+00
-1.0560E-03,+2.4004082E+00,+2.3986495E+00
-1.0460E-03,+2.3969535E+00,+2.4002198E+00
-1.0360E-03,+2.4004082E+00,+2.3967650E+00
-1.0260E-03,+2.4054334E+00,+2.3885992E+00
-1.0160E-03,+2.4016645E+00,+2.3936243E+00
-1.0060E-03,+2.3953831E+00,+2.3986495E+00
-996.0E-06,+2.3956972E+00,+2.3936243E+00
-986.0E-06,+2.4004082E+00,+2.3936243E+00
-976.0E-06,+2.3982097E+00,+2.3955088E+00
-966.0E-06,+2.3953831E+00,+2.3986495E+00
-956.0E-06,+2.3913002E+00,+2.3995917E+00
-946.0E-06,+2.3978957E+00,+2.3936243E+00
-936.0E-06,+2.3909861E+00,+2.3948806E+00
-926.0E-06,+2.3859610E+00,+2.4027324E+00
-916.0E-06,+2.3928705E+00,+2.3958228E+00
-906.0E-06,+2.4041771E+00,+2.3885992E+00
-896.0E-06,+2.3994660E+00,+2.3936243E+00
-886.0E-06,+2.3953831E+00,+2.3936243E+00
-876.0E-06,+2.3953831E+00,+2.3923681E+00
-866.0E-06,+2.4054334E+00,+2.3889133E+00
-856.0E-06,+2.4073178E+00,+2.3936243E+00
-846.0E-06,+2.4004082E+00,+2.3911118E+00
-836.0E-06,+2.4004082E+00,+2.3936243E+00
-826.0E-06,+2.4154836E+00,+2.3885992E+00
-816.0E-06,+2.4104585E+00,+2.3936243E+00
-806.0E-06,+2.4004082E+00,+2.3983354E+00
-796.0E-06,+2.3969535E+00,+2.3936243E+00
-786.0E-06,+2.4085741E+00,+2.3936243E+00
-776.0E-06,+2.4054334E+00,+2.3983354E+00
-766.0E-06,+2.4004082E+00,+2.3986495E+00
-756.0E-06,+2.4004082E+00,+2.3936243E+00
-746.0E-06,+2.4057474E+00,+2.3929962E+00
-736.0E-06,+2.4063756E+00,+2.3885992E+00
-726.0E-06,+2.4054334E+00,+2.3936243E+00
-716.0E-06,+2.4007223E+00,+2.3936243E+00
-706.0E-06,+2.4114007E+00,+2.3923681E+00
-696.0E-06,+2.4129710E+00,+2.3936243E+00
-686.0E-06,+2.4044911E+00,+2.3892274E+00
-676.0E-06,+2.4054334E+00,+2.3892274E+00
-666.0E-06,+2.4129710E+00,+2.3885992E+00
-656.0E-06,+2.4104585E+00,+2.3923681E+00
-646.0E-06,+2.4054334E+00,+2.3885992E+00
-636.0E-06,+2.4007223E+00,+2.3835741E+00
-626.0E-06,+2.4104585E+00,+2.3835741E+00
-616.0E-06,+2.4098303E+00,+2.3829459E+00
-606.0E-06,+2.3922424E+00,+2.3835741E+00
-596.0E-06,+2.4004082E+00,+2.3769786E+00
-586.0E-06,+2.4004082E+00,+2.3735238E+00
-576.0E-06,+2.4004082E+00,+2.3735238E+00
-566.0E-06,+2.3953831E+00,+2.3719535E+00
-556.0E-06,+2.3953831E+00,+2.3634736E+00
-546.0E-06,+2.4004082E+00,+2.3584485E+00
-536.0E-06,+2.4019786E+00,+2.3584485E+00
-526.0E-06,+2.3953831E+00,+2.3584485E+00
-516.0E-06,+2.3916143E+00,+2.3483982E+00
-506.0E-06,+2.4032349E+00,+2.3433731E+00
-496.0E-06,+2.4004082E+00,+2.3383480E+00
-486.0E-06,+2.3913002E+00,+2.3333228E+00
-476.0E-06,+2.3903580E+00,+2.3151068E+00
-466.0E-06,+2.3953831E+00,+2.3034862E+00
-456.0E-06,+2.3903580E+00,+2.3031721E+00
-446.0E-06,+2.3828203E+00,+2.2880967E+00
-436.0E-06,+2.3809359E+00,+2.2629711E+00
-426.0E-06,+2.3853329E+00,+2.2384736E+00
-416.0E-06,+2.3878454E+00,+2.2076947E+00
-406.0E-06,+2.3840766E+00,+2.1835113E+00
-396.0E-06,+2.3803077E+00,+2.2067525E+00
-386.0E-06,+2.3803077E+00,+2.2783605E+00
-376.0E-06,+2.3803077E+00,+2.4071294E+00
-366.0E-06,+2.3803077E+00,+2.5227073E+00
-356.0E-06,+2.3803077E+00,+2.6103329E+00
-346.0E-06,+2.3803077E+00,+2.6612123E+00
-336.0E-06,+2.3803077E+00,+2.6901068E+00
-326.0E-06,+2.3752826E+00,+2.7083228E+00
-316.0E-06,+2.3752826E+00,+2.8402324E+00
-306.0E-06,+2.3803077E+00,+3.1367148E+00
-296.0E-06,+2.3784233E+00,+3.5161118E+00
-286.0E-06,+2.3702575E+00,+3.7742776E+00
-276.0E-06,+2.3752826E+00,+3.8050565E+00
-266.0E-06,+2.3752826E+00,+3.5434359E+00
-256.0E-06,+2.3752826E+00,+3.0220791E+00
-246.0E-06,+2.3646042E+00,+2.3468279E+00
-236.0E-06,+2.3639761E+00,+1.6935615E+00
-226.0E-06,+2.3630339E+00,+1.2058103E+00
-216.0E-06,+2.3602072E+00,+945.1319E-03
-206.0E-06,+2.3501570E+00,+914.9811E-03
-196.0E-06,+2.3451318E+00,+1.0610239E+00
-186.0E-06,+2.3451318E+00,+1.3342651E+00
-176.0E-06,+2.3357097E+00,+1.6882223E+00
-166.0E-06,+2.3300565E+00,+2.0748429E+00
-156.0E-06,+2.3200062E+00,+2.4231470E+00
-146.0E-06,+2.3149811E+00,+2.7218279E+00
-136.0E-06,+2.2999057E+00,+2.9322550E+00
-126.0E-06,+2.2684987E+00,+3.0428078E+00
-116.0E-06,+2.2396042E+00,+3.0569409E+00
-106.0E-06,+2.2113379E+00,+3.0026067E+00
-96.0E-06,+2.2056846E+00,+2.9068153E+00
-86.0E-06,+2.2537374E+00,+2.7815012E+00
-76.0E-06,+2.3646042E+00,+2.6389133E+00
-66.0E-06,+2.4921168E+00,+2.4724560E+00
-56.0E-06,+2.5709484E+00,+2.3182475E+00
-46.0E-06,+2.5995288E+00,+2.2023555E+00
-36.0E-06,+2.6130339E+00,+2.0918027E+00
-26.0E-06,+2.6519786E+00,+2.0164259E+00
-16.0E-06,+2.7562499E+00,+2.0016645E+00
-6.0E-06,+3.0141017E+00,+2.0575691E+00
+4.0E-06,+3.3733982E+00,+2.1687500E+00
+14.0E-06,+3.6453831E+00,+2.3370917E+00
+24.0E-06,+3.6456972E+00,+2.5249057E+00
+34.0E-06,+3.3589509E+00,+2.6973304E+00
+44.0E-06,+2.9333856E+00,+2.7893530E+00
+54.0E-06,+2.4974560E+00,+2.8081972E+00
+64.0E-06,+2.0894786E+00,+2.7538630E+00
+74.0E-06,+1.6717650E+00,+2.6674937E+00
+84.0E-06,+1.2967650E+00,+2.5390389E+00
+94.0E-06,+977.3555E-03,+2.4055590E+00
+104.0E-06,+838.8505E-03,+2.2805590E+00
+114.0E-06,+944.6922E-03,+2.1813128E+00
+124.0E-06,+1.2885992E+00,+2.0883480E+00
+134.0E-06,+1.7408605E+00,+2.0173681E+00
+144.0E-06,+2.1818153E+00,+1.9784233E+00
+154.0E-06,+2.5646670E+00,+1.9828203E+00
+164.0E-06,+2.9007223E+00,+2.0509736E+00
+174.0E-06,+3.1749057E+00,+2.1517902E+00
+184.0E-06,+3.3382223E+00,+2.2827575E+00
+194.0E-06,+3.3501570E+00,+2.4083856E+00
+204.0E-06,+3.2358354E+00,+2.5007223E+00
+214.0E-06,+3.0546168E+00,+2.5559987E+00
+224.0E-06,+2.8668027E+00,+2.5698178E+00
+234.0E-06,+2.7009736E+00,+2.5657349E+00
+244.0E-06,+2.5260364E+00,+2.5393530E+00
+254.0E-06,+2.3178077E+00,+2.4941269E+00
+264.0E-06,+2.0910489E+00,+2.4749686E+00
+274.0E-06,+1.9192525E+00,+2.4539258E+00
+284.0E-06,+1.8677449E+00,+2.4338253E+00
+294.0E-06,+1.9500313E+00,+2.4086997E+00
+304.0E-06,+2.0907349E+00,+2.3757223E+00
+314.0E-06,+2.2317525E+00,+2.3468279E+00
+324.0E-06,+2.3768530E+00,+2.3282977E+00
+334.0E-06,+2.5059359E+00,+2.3383480E+00
+344.0E-06,+2.6183730E+00,+2.3835741E+00
+354.0E-06,+2.6959484E+00,+2.4228329E+00
+364.0E-06,+2.7342650E+00,+2.4438756E+00
+374.0E-06,+2.7195037E+00,+2.4338253E+00
+384.0E-06,+2.6334484E+00,+2.4187500E+00
+394.0E-06,+2.5090766E+00,+2.4137248E+00
+404.0E-06,+2.3809359E+00,+2.4021042E+00
+414.0E-06,+2.2750942E+00,+2.3835741E+00
+424.0E-06,+2.1595163E+00,+2.3518530E+00
+434.0E-06,+2.0853957E+00,+2.3232726E+00
+444.0E-06,+2.0385992E+00,+2.2931218E+00
+454.0E-06,+2.0568153E+00,+2.2695666E+00
+464.0E-06,+2.1155464E+00,+2.2478957E+00
+474.0E-06,+2.1896670E+00,+2.2328203E+00
+484.0E-06,+2.3005339E+00,+2.2139761E+00
+494.0E-06,+2.4082600E+00,+2.2127198E+00
+504.0E-06,+2.4918027E+00,+2.2328203E+00
+514.0E-06,+2.5499057E+00,+2.2755339E+00
+524.0E-06,+2.5863379E+00,+2.3323806E+00
+534.0E-06,+2.6064384E+00,+2.3945666E+00
+544.0E-06,+2.6014133E+00,+2.4467022E+00
+554.0E-06,+2.5737751E+00,+2.4539258E+00
+564.0E-06,+2.5210112E+00,+2.4228329E+00
+574.0E-06,+2.4572550E+00,+2.3791771E+00
+584.0E-06,+2.3950690E+00,+2.3405465E+00
+594.0E-06,+2.3388504E+00,+2.3069409E+00
+604.0E-06,+2.3055590E+00,+2.2880967E+00
+614.0E-06,+2.2973932E+00,+2.2855841E+00
+624.0E-06,+2.3058731E+00,+2.3141645E+00
+634.0E-06,+2.3341394E+00,+2.3578203E+00
+644.0E-06,+2.3730841E+00,+2.3942525E+00
+654.0E-06,+2.4230213E+00,+2.4262877E+00
+664.0E-06,+2.4651067E+00,+2.4435615E+00
+674.0E-06,+2.4757851E+00,+2.4353957E+00
+684.0E-06,+2.4858354E+00,+2.4288002E+00
+694.0E-06,+2.4808102E+00,+2.4237751E+00
+704.0E-06,+2.4487751E+00,+2.4303706E+00
+714.0E-06,+2.3934987E+00,+2.4369660E+00
+724.0E-06,+2.3397927E+00,+2.4288002E+00
+734.0E-06,+2.2977072E+00,+2.4288002E+00
+744.0E-06,+2.2625313E+00,+2.4338253E+00
+754.0E-06,+2.2339509E+00,+2.4489007E+00
+764.0E-06,+2.2245288E+00,+2.4627198E+00
+774.0E-06,+2.2314384E+00,+2.4790515E+00
+784.0E-06,+2.2549937E+00,+2.4891017E+00
+794.0E-06,+2.2986494E+00,+2.4740264E+00
+804.0E-06,+2.3573806E+00,+2.4514133E+00
+814.0E-06,+2.4167399E+00,+2.4652324E+00
+824.0E-06,+2.4638504E+00,+2.5173681E+00
+834.0E-06,+2.4983982E+00,+2.5519158E+00
+844.0E-06,+2.5310615E+00,+2.5603957E+00
+854.0E-06,+2.5552449E+00,+2.5936872E+00
+864.0E-06,+2.5483354E+00,+2.6348304E+00
+874.0E-06,+2.4971419E+00,+2.6398555E+00
+884.0E-06,+2.4211369E+00,+2.5607098E+00
+894.0E-06,+2.3492148E+00,+2.4187500E+00
+904.0E-06,+2.2769786E+00,+2.2623429E+00
+914.0E-06,+2.2295540E+00,+2.1426821E+00
+924.0E-06,+2.2295540E+00,+2.0472047E+00
+934.0E-06,+2.2728957E+00,+1.9781093E+00
+944.0E-06,+2.3448178E+00,+1.9363379E+00
+954.0E-06,+2.4135992E+00,+1.8842022E+00
+964.0E-06,+2.4842650E+00,+1.7532349E+00
+974.0E-06,+2.5360866E+00,+1.5481470E+00
+984.0E-06,+2.5561871E+00,+1.3524811E+00
+994.0E-06,+2.5662374E+00,+1.2968907E+00
+1.0040E-03,+2.5712625E+00,+1.5999686E+00
+1.0140E-03,+2.5612122E+00,+2.4906721E+00
+1.0240E-03,+2.5188127E+00,+3.8600188E+00
+1.0340E-03,+2.4594535E+00,+5.0632223E+00
+1.0440E-03,+2.4063756E+00,+5.1392273E+00
+1.0540E-03,+2.3853329E+00,+4.9595791E+00
+1.0640E-03,+2.3652323E+00,+4.1084484E+00
+1.0740E-03,+2.3558102E+00,+3.6172424E+00
+1.0840E-03,+2.3602072E+00,+3.3072550E+00
+1.0940E-03,+2.3711997E+00,+2.6577575E+00
+1.1040E-03,+2.4044911E+00,+1.6712625E+00
+1.1140E-03,+2.4610238E+00,+923.4610E-03
+1.1240E-03,+2.5219535E+00,+865.0440E-03
+1.1340E-03,+2.5455087E+00,+1.3220163E+00
+1.1440E-03,+2.5511620E+00,+1.7359610E+00
+1.1540E-03,+2.5875942E+00,+1.7205716E+00
+1.1640E-03,+2.6359610E+00,+1.4303706E+00
+1.1740E-03,+2.6431846E+00,+1.2862123E+00
+1.1840E-03,+2.5778580E+00,+1.4281721E+00
+1.1940E-03,+2.4556846E+00,+1.6395414E+00
+1.2040E-03,+2.3363379E+00,+1.6951319E+00
+1.2140E-03,+2.2242148E+00,+1.7086369E+00
+1.2240E-03,+2.1183731E+00,+1.8820037E+00
+1.2340E-03,+2.0163002E+00,+2.2117776E+00
+1.2440E-03,+1.9490891E+00,+2.5578831E+00
+1.2540E-03,+1.8721419E+00,+2.8072550E+00
+1.2640E-03,+1.7669283E+00,+2.9765389E+00
+1.2740E-03,+1.6249685E+00,+3.0760992E+00
+1.2840E-03,+1.5304334E+00,+3.1065640E+00
+1.2940E-03,+1.5919912E+00,+3.0296168E+00
+1.3040E-03,+1.9886620E+00,+2.8892274E+00
+1.3140E-03,+2.8338253E+00,+2.7679962E+00
+1.3240E-03,+3.9201946E+00,+2.7158605E+00
+1.3340E-03,+4.6444409E+00,+2.7001570E+00
+1.3440E-03,+4.6007851E+00,+2.6788002E+00
+1.3540E-03,+4.1114635E+00,+2.6015389E+00
+1.3640E-03,+3.8448178E+00,+2.4369660E+00
+1.3740E-03,+3.9867776E+00,+2.2004711E+00
+1.3840E-03,+3.8633479E+00,+2.0079460E+00
+1.3940E-03,+2.9402952E+00,+2.0566269E+00
+1.4040E-03,+1.6139761E+00,+2.3782349E+00
+1.4140E-03,+765.0439E-03,+2.7981470E+00
+1.4240E-03,+778.8630E-03,+3.0908605E+00
+1.4340E-03,+1.2185615E+00,+3.2460113E+00
+1.4440E-03,+1.3350816E+00,+3.3782349E+00
+1.4540E-03,+924.2776E-03,+3.5896042E+00
+1.4640E-03,+501.8530E-03,+3.7975188E+00
+1.4740E-03,+699.7173E-03,+3.8810615E+00
+1.4840E-03,+1.5301193E+00,+3.8198178E+00
+1.4940E-03,+2.3002198E+00,+3.7061243E+00
+1.5040E-03,+2.4892901E+00,+3.6090766E+00
+1.5140E-03,+2.3146670E+00,+3.5264761E+00
+1.5240E-03,+2.3551821E+00,+3.3625314E+00
+1.5340E-03,+2.8212625E+00,+3.0867776E+00
+1.5440E-03,+3.3595791E+00,+2.7827575E+00
+1.5540E-03,+3.5285489E+00,+2.5547424E+00
+1.5640E-03,+3.2980213E+00,+2.4529836E+00
+1.5740E-03,+2.9245916E+00,+2.4429334E+00
+1.5840E-03,+2.6815012E+00,+2.5293027E+00
+1.5940E-03,+2.6736494E+00,+2.6989007E+00
+1.6040E-03,+2.7851444E+00,+2.9366520E+00
+1.6140E-03,+2.8677449E+00,+3.2576319E+00
+1.6240E-03,+2.7986494E+00,+3.6200691E+00
+1.6340E-03,+2.6434987E+00,+3.8933103E+00
+1.6440E-03,+2.5018530E+00,+3.9272299E+00
+1.6540E-03,+2.4619660E+00,+3.6470791E+00
+1.6640E-03,+2.4808102E+00,+3.0415515E+00
+1.6740E-03,+2.4340138E+00,+2.1367148E+00
+1.6840E-03,+2.3266017E+00,+1.0814384E+00
+1.6940E-03,+2.2697550E+00,+97.7701E-03
+1.7040E-03,+2.3316268E+00,-348.5239E-03
+1.7140E-03,+2.4506595E+00,-283.1972E-03
+1.7240E-03,+2.5715766E+00,-234.2023E-03
+1.7340E-03,+2.6909233E+00,-190.8606E-03
+1.7440E-03,+2.8693153E+00,-152.2299E-03
+1.7540E-03,+3.1114635E+00,+238.4736E-03
+1.7640E-03,+3.3627198E+00,+867.2424E-03
+1.7740E-03,+3.5869660E+00,+1.3873429E+00
+1.7840E-03,+3.7072549E+00,+1.7906093E+00
+1.7940E-03,+3.7129082E+00,+2.1178706E+00
+1.8040E-03,+3.6343906E+00,+2.3851444E+00
+1.8140E-03,+3.4927449E+00,+2.5355841E+00
+1.8240E-03,+3.2502826E+00,+2.5409233E+00
+1.8340E-03,+2.9600816E+00,+2.4435615E+00
+1.8440E-03,+2.7028580E+00,+2.3100816E+00
+1.8540E-03,+2.5285489E+00,+2.2133480E+00
+1.8640E-03,+2.3790514E+00,+2.1825691E+00
+1.8740E-03,+2.2509107E+00,+2.2299937E+00
+1.8840E-03,+2.2436871E+00,+2.2824434E+00
+1.8940E-03,+2.4129710E+00,+2.2570037E+00
+1.9040E-03,+2.7091394E+00,+2.1354585E+00
+1.9140E-03,+3.0960740E+00,+1.9972676E+00
+1.9240E-03,+3.4723303E+00,+2.0494032E+00
+1.9340E-03,+3.7166771E+00,+2.3405465E+00
+1.9440E-03,+3.7370916E+00,+2.7648555E+00
+1.9540E-03,+3.5087625E+00,+3.1608982E+00
+1.9640E-03,+3.0100188E+00,+3.4460741E+00
+1.9740E-03,+2.2559359E+00,+3.6301193E+00
+1.9840E-03,+1.3931846E+00,+3.7171168E+00
+1.9940E-03,+580.6846E-03,+3.6668655E+00
+2.0040E-03,-77.9209E-03,+3.4300565E+00
+2.0140E-03,-284.2651E-03,+3.0214510E+00
+2.0240E-03,-230.8732E-03,+2.5927449E+00
+2.0340E-03,-192.2425E-03,+2.2695666E+00
+2.0440E-03,-110.8983E-03,+2.1040515E+00
+2.0540E-03,+513.7876E-03,+1.9916143E+00
+2.0640E-03,+1.0951319E+00,+1.8678706E+00
+2.0740E-03,+1.6874685E+00,+1.7032977E+00
+2.0840E-03,+2.3988379E+00,+1.6018530E+00
+2.0940E-03,+3.1614007E+00,+1.6477073E+00
+2.1040E-03,+3.7292399E+00,+1.8367776E+00
+2.1140E-03,+3.9179962E+00,+2.1012248E+00
+2.1240E-03,+3.7326946E+00,+2.3465138E+00
+2.1340E-03,+3.3843906E+00,+2.5867776E+00
+2.1440E-03,+3.0778580E+00,+2.8625314E+00
+2.1540E-03,+2.7914258E+00,+3.1480213E+00
+2.1640E-03,+2.4132851E+00,+3.3672424E+00
+2.1740E-03,+1.9085741E+00,+3.4338253E+00
+2.1840E-03,+1.3997801E+00,+3.2818153E+00
+2.1940E-03,+1.0788002E+00,+2.9215766E+00
+2.2040E-03,+1.0200690E+00,+2.4683731E+00
+2.2140E-03,+1.1661118E+00,+2.0877198E+00
+2.2240E-03,+1.3507851E+00,+1.8851444E+00
+2.2340E-03,+1.5150439E+00,+1.8744661E+00
+2.2440E-03,+1.6783605E+00,+2.0132851E+00
+2.2540E-03,+1.9406092E+00,+2.2403580E+00
+2.2640E-03,+2.2634736E+00,+2.5519158E+00
+2.2740E-03,+2.5762876E+00,+2.9451319E+00
+2.2840E-03,+2.8105841E+00,+3.3540515E+00
+2.2940E-03,+2.9830087E+00,+3.6546168E+00
+2.3040E-03,+3.1456972E+00,+3.6979585E+00
+2.3140E-03,+3.3394786E+00,+3.4818781E+00
+2.3240E-03,+3.5769158E+00,+3.1304334E+00
+2.3340E-03,+3.7496544E+00,+2.8050565E+00
+2.3440E-03,+3.6648555E+00,+2.5475188E+00
+2.3540E-03,+3.2980213E+00,+2.3019158E+00
+2.3640E-03,+2.7989635E+00,+2.0450063E+00
+2.3740E-03,+2.3869032E+00,+1.8198178E+00
+2.3840E-03,+2.1899811E+00,+1.7202575E+00
+2.3940E-03,+2.1570037E+00,+1.7692525E+00
+2.4040E-03,+2.1893530E+00,+1.9086997E+00
+2.4140E-03,+2.1943781E+00,+2.0164259E+00
+2.4240E-03,+2.1893530E+00,+2.0132851E+00
+2.4340E-03,+2.2392901E+00,+1.9011620E+00
+2.4440E-03,+2.3498429E+00,+1.7956344E+00
+2.4540E-03,+2.3668027E+00,+1.8443153E+00
+2.4640E-03,+2.2038002E+00,+2.0641645E+00
+2.4740E-03,+1.9569409E+00,+2.3493404E+00
+2.4840E-03,+1.8086997E+00,+2.5924309E+00
+2.4940E-03,+1.8674308E+00,+2.7070665E+00
+2.5040E-03,+2.0907349E+00,+2.7202575E+00
+2.5140E-03,+2.3275439E+00,+2.6722047E+00
+2.5240E-03,+2.5216394E+00,+2.5924309E+00
+2.5340E-03,+2.7308102E+00,+2.5079459E+00
+2.5440E-03,+3.0279208E+00,+2.4548681E+00
+2.5540E-03,+3.3589509E+00,+2.4112123E+00
+2.5640E-03,+3.6092650E+00,+2.3876570E+00
+2.5740E-03,+3.6431846E+00,+2.3499686E+00
+2.5840E-03,+3.4500313E+00,+2.3433731E+00
+2.5940E-03,+3.1403580E+00,+2.3754083E+00
+2.6040E-03,+2.8570665E+00,+2.4473304E+00
+2.6140E-03,+2.6325062E+00,+2.5374686E+00
+2.6240E-03,+2.4032349E+00,+2.6169284E+00
+2.6340E-03,+2.1416143E+00,+2.6492776E+00
+2.6440E-03,+1.8617776E+00,+2.6316897E+00
+2.6540E-03,+1.6196293E+00,+2.5817525E+00
+2.6640E-03,+1.5012248E+00,+2.4947550E+00
+2.6740E-03,+1.5304334E+00,+2.4039887E+00
+2.6840E-03,+1.6730213E+00,+2.3147927E+00
+2.6940E-03,+1.8523555E+00,+2.2629711E+00
+2.7040E-03,+2.0018530E+00,+2.2711369E+00
+2.7140E-03,+2.1340766E+00,+2.3047424E+00
+2.7240E-03,+2.3058731E+00,+2.3584485E+00
+2.7340E-03,+2.5172424E+00,+2.4055590E+00
+2.7440E-03,+2.6975188E+00,+2.4558103E+00
+2.7540E-03,+2.8184359E+00,+2.4994660E+00
+2.7640E-03,+2.8828203E+00,+2.5431218E+00
+2.7740E-03,+2.9179962E+00,+2.5585113E+00
+2.7840E-03,+2.9330715E+00,+2.5544284E+00
+2.7940E-03,+2.9148555E+00,+2.5010364E+00
+2.8040E-03,+2.8253454E+00,+2.4115264E+00
+2.8140E-03,+2.6526067E+00,+2.2749058E+00
+2.8240E-03,+2.4205087E+00,+2.1304334E+00
+2.8340E-03,+2.2063128E+00,+1.9661746E+00
+2.8440E-03,+2.0857097E+00,+1.8267274E+00
+2.8540E-03,+2.0436243E+00,+1.6970163E+00
+2.8640E-03,+2.0762876E+00,+1.6269786E+00
+2.8740E-03,+2.1576318E+00,+1.6156721E+00
+2.8840E-03,+2.3033605E+00,+1.6690640E+00
+2.8940E-03,+2.4855213E+00,+1.8053706E+00
+2.9040E-03,+2.6720791E+00,+2.0261620E+00
+2.9140E-03,+2.8262876E+00,+2.3110238E+00
+2.9240E-03,+2.9343278E+00,+2.6351444E+00
+2.9340E-03,+2.9412374E+00,+2.9539258E+00
+2.9440E-03,+2.8325690E+00,+3.2224560E+00
+2.9540E-03,+2.6497801E+00,+3.3920540E+00
+2.9640E-03,+2.4484610E+00,+3.4840766E+00
+2.9740E-03,+2.2942524E+00,+3.4482726E+00
+2.9840E-03,+2.1934359E+00,+3.3239007E+00
+2.9940E-03,+2.1469535E+00,+3.0911746E+00
+3.0040E-03,+2.1441268E+00,+2.7924937E+00
+3.0140E-03,+2.1767901E+00,+2.4887877E+00
+3.0240E-03,+2.2286117E+00,+2.2570037E+00
+3.0340E-03,+2.2958228E+00,+2.0952575E+00
+3.0440E-03,+2.3589509E+00,+1.9856470E+00
+3.0540E-03,+2.3903580E+00,+1.9262877E+00
+3.0640E-03,+2.3960112E+00,+1.9168656E+00
+3.0740E-03,+2.4054334E+00,+1.9796796E+00
+3.0840E-03,+2.4280464E+00,+2.1373429E+00
+3.0940E-03,+2.4305590E+00,+2.3741520E+00
+3.1040E-03,+2.3715138E+00,+2.6508480E+00
+3.1140E-03,+2.2483982E+00,+2.8747801E+00
+3.1240E-03,+2.1252826E+00,+2.9765389E+00
+3.1340E-03,+2.0348303E+00,+2.9567525E+00
+3.1440E-03,+1.9952575E+00,+2.8217022E+00
+3.1540E-03,+1.9845791E+00,+2.6279208E+00
+3.1640E-03,+2.0128454E+00,+2.3999057E+00
+3.1740E-03,+2.0800565E+00,+2.2017274E+00
+3.1840E-03,+2.1689384E+00,+2.0468907E+00
+3.1940E-03,+2.3046168E+00,+1.9413630E+00
+3.2040E-03,+2.4673052E+00,+1.9061872E+00
+3.2140E-03,+2.6504082E+00,+1.9077575E+00
+3.2240E-03,+2.8080715E+00,+1.9313128E+00
+3.2340E-03,+2.9437499E+00,+1.9598932E+00
+3.2440E-03,+3.0373429E+00,+2.0054334E+00
+3.2540E-03,+3.0791143E+00,+2.0826947E+00
+3.2640E-03,+3.0596419E+00,+2.1888505E+00
+3.2740E-03,+2.9990263E+00,+2.3094535E+00
+3.2840E-03,+2.9167399E+00,+2.4309987E+00
+3.2940E-03,+2.7951947E+00,+2.5613379E+00
+3.3040E-03,+2.6321921E+00,+2.6847676E+00
+3.3140E-03,+2.4148555E+00,+2.7818153E+00
+3.3240E-03,+2.1934359E+00,+2.8198178E+00
+3.3340E-03,+2.0282349E+00,+2.7727073E+00
+3.3440E-03,+1.9308731E+00,+2.6608982E+00
+3.3540E-03,+1.9170540E+00,+2.4972676E+00
+3.3640E-03,+1.9685615E+00,+2.3449434E+00
+3.3740E-03,+2.0558731E+00,+2.2416143E+00
+3.3840E-03,+2.1482097E+00,+2.1926193E+00
+3.3940E-03,+2.2813756E+00,+2.1543027E+00
+3.4040E-03,+2.4472047E+00,+2.1043656E+00
+3.4140E-03,+2.6252826E+00,+2.0522299E+00
+3.4240E-03,+2.7333228E+00,+1.9900439E+00
+3.4340E-03,+2.7823178E+00,+1.9294284E+00
+3.4440E-03,+2.8171796E+00,+1.8961369E+00
+3.4540E-03,+2.8994660E+00,+1.9043027E+00
+3.4640E-03,+3.0219534E+00,+1.9680590E+00
+3.4740E-03,+3.1089509E+00,+2.0823806E+00
+3.4840E-03,+3.0967022E+00,+2.2117776E+00
+3.4940E-03,+2.9380967E+00,+2.3562500E+00
+3.5040E-03,+2.6840138E+00,+2.5104585E+00
+3.5140E-03,+2.4051193E+00,+2.6511620E+00
+3.5240E-03,+2.1661117E+00,+2.7472676E+00
+3.5340E-03,+1.9764133E+00,+2.8059987E+00
+3.5440E-03,+1.8203203E+00,+2.8066268E+00
+3.5540E-03,+1.6968906E+00,+2.7331344E+00
+3.5640E-03,+1.6416143E+00,+2.6056218E+00
+3.5740E-03,+1.6365891E+00,+2.4564384E+00
+3.5840E-03,+1.6466394E+00,+2.3279836E+00
+3.5940E-03,+1.6717650E+00,+2.2456972E+00
+3.6040E-03,+1.7355213E+00,+2.1844535E+00
+3.6140E-03,+1.8385364E+00,+2.1417399E+00
+3.6240E-03,+1.9453203E+00,+2.0958857E+00
+3.6340E-03,+2.0320037E+00,+2.0770414E+00
+3.6440E-03,+2.1428705E+00,+2.0698178E+00
+3.6540E-03,+2.2851444E+00,+2.0782977E+00
+3.6640E-03,+2.4195665E+00,+2.0870917E+00
+3.6740E-03,+2.5241519E+00,+2.0870917E+00
+3.6840E-03,+2.5612122E+00,+2.0886620E+00
+3.6940E-03,+2.5561871E+00,+2.1119032E+00
+3.7040E-03,+2.5392273E+00,+2.1690640E+00
+3.7140E-03,+2.5527323E+00,+2.2428706E+00
+3.7240E-03,+2.5967022E+00,+2.3336369E+00
+3.7340E-03,+2.6466394E+00,+2.4407349E+00
+3.7440E-03,+2.6667399E+00,+2.5651068E+00
+3.7540E-03,+2.6460112E+00,+2.6756595E+00
+3.7640E-03,+2.6114635E+00,+2.7353329E+00
+3.7740E-03,+2.5495916E+00,+2.7381595E+00
+3.7840E-03,+2.4437499E+00,+2.7045540E+00
+3.7940E-03,+2.3228329E+00,+2.6508480E+00
+3.8040E-03,+2.2122801E+00,+2.6071922E+00
+3.8140E-03,+2.1576318E+00,+2.6153580E+00
+3.8240E-03,+2.1290514E+00,+2.6690640E+00
+3.8340E-03,+2.1064384E+00,+2.7353329E+00
+3.8440E-03,+2.1208856E+00,+2.8116520E+00
+3.8540E-03,+2.1827575E+00,+2.8801193E+00
+3.8640E-03,+2.2757223E+00,+2.9388505E+00
+3.8740E-03,+2.3787374E+00,+2.9724560E+00
+3.8840E-03,+2.4892901E+00,+2.9960113E+00
+3.8940E-03,+2.5841394E+00,+3.0245917E+00
+3.9040E-03,+2.6529208E+00,+3.0654208E+00
+3.9140E-03,+2.6965766E+00,+3.0820665E+00
+3.9240E-03,+2.7251570E+00,+3.0503454E+00
+3.9340E-03,+2.7185615E+00,+2.9382223E+00
+3.9440E-03,+2.6416143E+00,+2.7504083E+00
+3.9540E-03,+2.4971419E+00,+2.5390389E+00
+3.9640E-03,+2.3614635E+00,+2.3242148E+00
+3.9740E-03,+2.3046168E+00,+2.1414259E+00
+3.9840E-03,+2.3017901E+00,+1.9821922E+00
+3.9940E-03,+2.3269158E+00,+1.8901696E+00
+4.0040E-03,+2.3551821E+00,+1.8408605E+00
+4.0140E-03,+2.3602072E+00,+1.8408605E+00
+4.0240E-03,+2.3652323E+00,+1.8578203E+00
+4.0340E-03,+2.3862751E+00,+1.8713254E+00
+4.0440E-03,+2.4494032E+00,+1.8798053E+00
+4.0540E-03,+2.5181846E+00,+1.8860867E+00
+4.0640E-03,+2.5367148E+00,+1.8860867E+00
+4.0740E-03,+2.5216394E+00,+1.8565640E+00
+4.0840E-03,+2.4958856E+00,+1.7827575E+00
+4.0940E-03,+2.4808102E+00,+1.6979585E+00
+4.1040E-03,+2.4569409E+00,+1.6499058E+00
+4.1140E-03,+2.3997801E+00,+1.6448806E+00
+4.1240E-03,+2.2851444E+00,+1.7124058E+00
+4.1340E-03,+2.1403580E+00,+1.8490264E+00
+4.1440E-03,+2.0404836E+00,+1.9831344E+00
+4.1540E-03,+2.0210112E+00,+2.0911746E+00
+4.1640E-03,+2.1032977E+00,+2.1618404E+00
+4.1740E-03,+2.2138504E+00,+2.2139761E+00
+4.1840E-03,+2.3548680E+00,+2.2610867E+00
+4.1940E-03,+2.5056218E+00,+2.3078831E+00
+4.2040E-03,+2.6984610E+00,+2.3414887E+00
+4.2140E-03,+2.8947550E+00,+2.3650439E+00
+4.2240E-03,+3.0285489E+00,+2.4036746E+00
+4.2340E-03,+3.0385992E+00,+2.4457600E+00
+4.2440E-03,+2.9390389E+00,+2.4777952E+00
+4.2540E-03,+2.7703831E+00,+2.4985238E+00
+4.2640E-03,+2.5860238E+00,+2.4850188E+00
+4.2740E-03,+2.4318153E+00,+2.4495289E+00
+4.2840E-03,+2.3438756E+00,+2.4024183E+00
+4.2940E-03,+2.2816896E+00,+2.3735238E+00
+4.3040E-03,+2.2072550E+00,+2.3509108E+00
+4.3140E-03,+2.1230841E+00,+2.3116520E+00
+4.3240E-03,+2.0543027E+00,+2.2494661E+00
+4.3340E-03,+2.0210112E+00,+2.1923052E+00
+4.3440E-03,+2.0134736E+00,+2.1734610E+00
+4.3540E-03,+2.0276067E+00,+2.2262248E+00
+4.3640E-03,+2.0841394E+00,+2.3191897E+00
+4.3740E-03,+2.1777324E+00,+2.4259736E+00
+4.3840E-03,+2.3181218E+00,+2.4931846E+00
+4.3940E-03,+2.4622801E+00,+2.4991520E+00
+4.4040E-03,+2.5687499E+00,+2.4510992E+00
+4.4140E-03,+2.5913630E+00,+2.3691269E+00
+4.4240E-03,+2.5213253E+00,+2.3047424E+00
+4.4340E-03,+2.4104585E+00,+2.2846419E+00
+4.4440E-03,+2.3200062E+00,+2.3179334E+00
+4.4540E-03,+2.2157349E+00,+2.4121545E+00
+4.4640E-03,+2.1136620E+00,+2.5632223E+00
+4.4740E-03,+1.9977700E+00,+2.7413002E+00
+4.4840E-03,+1.9494032E+00,+2.9492148E+00
+4.4940E-03,+1.9632223E+00,+3.1320037E+00
+4.5040E-03,+2.0090766E+00,+3.2840138E+00
+4.5140E-03,+2.0762876E+00,+3.3191897E+00
+4.5240E-03,+2.1331344E+00,+3.1571294E+00
+4.5340E-03,+2.1846419E+00,+2.8094535E+00
+4.5440E-03,+2.2374057E+00,+2.3367776E+00
+4.5540E-03,+2.2948806E+00,+1.8499686E+00
+4.5640E-03,+2.3507851E+00,+1.4052450E+00
+4.5740E-03,+2.3793655E+00,+1.0594535E+00
+4.5840E-03,+2.3799937E+00,+805.0565E-03
+4.5940E-03,+2.3589509E+00,+621.6394E-03
+4.6040E-03,+2.3306846E+00,+545.0063E-03
+4.6140E-03,+2.3222047E+00,+577.6696E-03
+4.6240E-03,+2.3200062E+00,+722.1419E-03
+4.6340E-03,+2.3250313E+00,+968.6872E-03
+4.6440E-03,+2.3479585E+00,+1.2836997E+00
+4.6540E-03,+2.3765389E+00,+1.6304334E+00
+4.6640E-03,+2.4101444E+00,+1.9642902E+00
+4.6740E-03,+2.4538002E+00,+2.2648555E+00
+4.6840E-03,+2.5141017E+00,+2.5468907E+00
+4.6940E-03,+2.5809987E+00,+2.7953203E+00
+4.7040E-03,+2.6431846E+00,+3.0000942E+00
+4.7140E-03,+2.7204459E+00,+3.1071922E+00
+4.7240E-03,+2.8281720E+00,+3.1470791E+00
+4.7340E-03,+2.9450062E+00,+3.1423681E+00
+4.7440E-03,+3.0423680E+00,+3.1392273E+00
+4.7540E-03,+3.1039258E+00,+3.1272927E+00
+4.7640E-03,+3.1466394E+00,+3.0930590E+00
+4.7740E-03,+3.1862122E+00,+3.0223932E+00
+4.7840E-03,+3.2038002E+00,+2.9143530E+00
+4.7940E-03,+3.1510364E+00,+2.7695665E+00
+4.8040E-03,+2.9889761E+00,+2.6175565E+00
+4.8140E-03,+2.7006595E+00,+2.4664887E+00
+4.8240E-03,+2.2989635E+00,+2.3549937E+00
+4.8340E-03,+1.8517273E+00,+2.2928078E+00
+4.8440E-03,+1.4267901E+00,+2.3141645E+00
+4.8540E-03,+1.0982726E+00,+2.4209485E+00
+4.8640E-03,+841.3630E-03,+2.5826947E+00
+4.8740E-03,+688.0967E-03,+2.7497801E+00
+4.8840E-03,+656.0615E-03,+2.9093279E+00
+4.8940E-03,+760.9610E-03,+3.0456344E+00
+4.9040E-03,+951.2876E-03,+3.1828831E+00
+4.9140E-03,+1.2025439E+00,+3.2727072E+00
+4.9240E-03,+1.4594535E+00,+3.2997173E+00
+4.9340E-03,+1.7496545E+00,+3.2695665E+00
+4.9440E-03,+2.0781721E+00,+3.1976444E+00
+4.9540E-03,+2.4440640E+00,+3.0952575E+00
+4.9640E-03,+2.8030464E+00,+2.9878454E+00
+4.9740E-03,+3.0844534E+00,+2.8804334E+00
+4.9840E-03,+3.2129082E+00,+2.7833856E+00
+4.9940E-03,+3.2273555E+00,+2.7252826E+00
+5.0040E-03,+3.1836997E+00,+2.7155464E+00
+5.0140E-03,+3.1161746E+00,+2.7717650E+00
+5.0240E-03,+2.9996545E+00,+2.8895414E+00
+5.0340E-03,+2.8143529E+00,+3.0283605E+00
+5.0440E-03,+2.6164886E+00,+3.1492776E+00
+5.0540E-03,+2.4308731E+00,+3.2576319E+00
+5.0640E-03,+2.3190640E+00,+3.3396042E+00
+5.0740E-03,+2.2898555E+00,+3.3967650E+00
+5.0840E-03,+2.3451318E+00,+3.4137248E+00
+5.0940E-03,+2.4324434E+00,+3.3713253E+00
+5.1040E-03,+2.5634107E+00,+3.2893530E+00
+5.1140E-03,+2.7028580E+00,+3.1561871E+00
+5.1240E-03,+2.8460741E+00,+2.9906721E+00
+5.1340E-03,+2.9522298E+00,+2.8081972E+00
+5.1440E-03,+2.9852072E+00,+2.6499057E+00
+5.1540E-03,+2.9453203E+00,+2.5148555E+00
+5.1640E-03,+2.8583228E+00,+2.4190640E+00
+5.1740E-03,+2.7543655E+00,+2.3449434E+00
+5.1840E-03,+2.6733354E+00,+2.2730213E+00
+5.1940E-03,+2.5813127E+00,+2.1926193E+00
+5.2040E-03,+2.5024811E+00,+2.1053078E+00
+5.2140E-03,+2.4368404E+00,+2.0531721E+00
+5.2240E-03,+2.3950690E+00,+2.0669912E+00
+5.2340E-03,+2.3887876E+00,+2.1514761E+00
+5.2440E-03,+2.4293027E+00,+2.3129083E+00
+5.2540E-03,+2.5216394E+00,+2.5569409E+00
+5.2640E-03,+2.6127198E+00,+2.8182475E+00
+5.2740E-03,+2.6959484E+00,+3.0201947E+00
+5.2840E-03,+2.7838881E+00,+3.1024811E+00
+5.2940E-03,+2.8947550E+00,+3.0638505E+00
+5.3040E-03,+3.0053077E+00,+2.9291143E+00
+5.3140E-03,+3.1312499E+00,+2.7146042E+00
+5.3240E-03,+3.2713253E+00,+2.4595791E+00
+5.3340E-03,+3.4029208E+00,+2.2020414E+00
+5.3440E-03,+3.4717022E+00,+1.9514133E+00
+5.3540E-03,+3.4713881E+00,+1.7491520E+00
+5.3640E-03,+3.4098303E+00,+1.6141017E+00
+5.3740E-03,+3.3262876E+00,+1.5644786E+00
+5.3840E-03,+3.2107097E+00,+1.6037374E+00
+5.3940E-03,+3.0797424E+00,+1.6737751E+00
+5.4040E-03,+2.9286746E+00,+1.7617148E+00
+5.4140E-03,+2.7728957E+00,+1.8355213E+00
+5.4240E-03,+2.6469535E+00,+1.8973932E+00
+5.4340E-03,+2.5627826E+00,+1.9611495E+00
+5.4440E-03,+2.5210112E+00,+2.0465766E+00
+5.4540E-03,+2.4889761E+00,+2.1473932E+00
+5.4640E-03,+2.4352700E+00,+2.2513505E+00
+5.4740E-03,+2.3595791E+00,+2.3386620E+00
+5.4840E-03,+2.2838881E+00,+2.3785490E+00
+5.4940E-03,+2.2103957E+00,+2.3584485E+00
+5.5040E-03,+2.1381595E+00,+2.3081972E+00
+5.5140E-03,+2.0558731E+00,+2.2802449E+00
+5.5240E-03,+1.9760992E+00,+2.3151068E+00
+5.5340E-03,+1.9223932E+00,+2.3939384E+00
+5.5440E-03,+1.8887876E+00,+2.4489007E+00
+5.5540E-03,+1.9000942E+00,+2.4288002E+00
+5.5640E-03,+1.9544283E+00,+2.3458856E+00
+5.5740E-03,+2.0502198E+00,+2.2645414E+00
